{"cameraMode":{"drawMode":0,"name":"Shaded","section":"Shading Mode"},"sceneLighting":true,"audioPlay":false,"sceneViewState":{"showFog":true,"showMaterialUpdate":false,"showSkybox":false,"showFlares":true,"showImageEffects":true,"showParticleSystems":true},"in2DMode":false,"pivot":{"x":-0.15384787321090699,"y":0.07097943872213364,"z":0.05337248742580414},"rotation":{"x":0.03492662310600281,"y":-0.9648298621177673,"z":0.19688959419727326,"w":0.17105160653591157},"size":4.041658401489258,"orthographic":false}