{"cameraMode":{"drawMode":0,"name":"Shaded","section":"Shading Mode"},"sceneLighting":true,"audioPlay":false,"sceneViewState":{"showFog":true,"showMaterialUpdate":false,"showSkybox":false,"showFlares":true,"showImageEffects":true,"showParticleSystems":true},"in2DMode":false,"pivot":{"x":88.51696014404297,"y":122.42233276367188,"z":-127.48674011230469},"rotation":{"x":0.17845085263252259,"y":-0.20064790546894074,"z":0.0372178889811039,"w":0.9625978469848633},"size":657.2842407226563,"orthographic":false}